{
	"makefile-tools.command.makefile.buildTarget.title": "Makefile: compilar o destino atual",
	"makefile-tools.command.makefile.buildCleanTarget.title": "Makefile: compilação de limpeza do destino atual",
	"makefile-tools.command.makefile.buildAll.title": "Makefile: compilar o destino ALL",
	"makefile-tools.command.makefile.buildCleanAll.title": "Makefile: compilação de limpeza do destino ALL",
	"makefile-tools.command.makefile.launchDebug.title": "Makefile: depurar o destino binário selecionado",
	"makefile-tools.command.makefile.launchRun.title": "Makefile: executar o destino binário selecionado no terminal",
	"makefile-tools.command.makefile.setBuildConfiguration.title": "Makefile: definir a configuração de compilação atual",
	"makefile-tools.command.makefile.setBuildTarget.title": "Makefile: definir o destino a ser criado pelo make",
	"makefile-tools.command.makefile.setLaunchConfiguration.title": "Makefile: definir a configuração de inicialização do make",
	"makefile-tools.command.makefile.openMakefilePathSetting.title": "Makefile: Abrir Configuração de Caminho do Makefile",
	"makefile-tools.command.makefile.openMakePathSetting.title": "Makefile: Abrir Configuração de Caminho de Marca",
	"makefile-tools.command.makefile.openBuildLogSetting.title": "Makefile: Abrir Configuração do Log de Compilação",
	"makefile-tools.command.makefile.openBuildLogFile.title": "Makefile: Abrir Arquivo do Log de Compilação",
	"makefile-tools.command.makefile.openMakefileFile.title": "Makefile: Abrir Arquivo Makefile",
	"workbench.action.openWorkspaceSettings.title": "Preferências: Abrir Configurações do Espaço de trabalho",
	"makefile-tools.command.makefile.configure.title": "Makefile: configuração",
	"makefile-tools.command.makefile.cleanConfigure.title": "Makefile: Limpar Configuração",
	"makefile-tools.command.makefile.preConfigure.title": "Makefile: pré-configuração",
	"makefile-tools.command.makefile.postConfigure.title": "Makefile: Pós-configuração",
	"makefile-tools.command.makefile.resetState.title": "Makefile: redefinir o estado do workspace da Extensão de Ferramentas Makefile (para solução de problemas)",
	"makefile-tools.configuration.views.makefile.outline.description": "Descrição do projeto",
	"makefile-tools.configuration.makefile.makePath.description": "O caminho para a ferramenta make",
	"makefile-tools.configuration.makefile.configurations.description": "As configurações do makefile definidas pelo usuário",
	"makefile-tools.configuration.makefile.configurations.name.description": "O nome da configuração do makefile",
	"makefile-tools.configuration.makefile.configurations.makefilePath.description": "Caminho do arquivo para o makefile",
	"makefile-tools.configuration.makefile.configurations.makePath.description": "Caminho do arquivo para o comando make",
	"makefile-tools.configuration.makefile.configurations.makeDirectory.description": "Caminho da pasta passado para o make por meio do comutador -C",
	"makefile-tools.configuration.makefile.configurations.makeArgs.description": "Argumentos a serem passados para o comando make",
	"makefile-tools.configuration.makefile.configurations.problemMatchers.description": "Nomes de correspondência de problemas a serem usados ao compilar o destino atual",
	"makefile-tools.configuration.makefile.configurations.buildLog.description": "Caminho do arquivo para o log de build usado em vez da saída de simulação",
	"makefile-tools.configuration.makefile.defaultLaunchConfiguration.description": "Várias configurações globais do depurador",
	"makefile-tools.configuration.makefile.defaultLaunchConfiguration.MIMode.description": "O tipo de depurador não VS: gdb ou lldb",
	"makefile-tools.configuration.makefile.defaultLaunchConfiguration.miDebuggerPath.description": "Caminho para o depurador não VS (gdb ou lldb)",
	"makefile-tools.configuration.makefile.defaultLaunchConfiguration.stopAtEntry.description": "Interromper no ponto de entrada do destino",
	"makefile-tools.configuration.makefile.defaultLaunchConfiguration.symbolSearchPath.description": "O caminho para os símbolos",
	"makefile-tools.configuration.makefile.launchConfigurations.description": "As configurações de inicialização (depuração/execução) definidas pelo usuário",
	"makefile-tools.configuration.makefile.launchConfigurations.binaryPath.description": "O caminho completo para o binário a ser executado ou depurado",
	"makefile-tools.configuration.makefile.launchConfigurations.binaryArgs.description": "Argumentos a serem passados para a linha de comando do programa",
	"makefile-tools.configuration.makefile.launchConfigurations.cwd.description": "Definir o diretório de trabalho para o programa",
	"makefile-tools.configuration.makefile.launchConfigurations.MIMode.description": "O tipo de depurador não VS: gdb ou lldb",
	"makefile-tools.configuration.makefile.launchConfigurations.miDebuggerPath.description": "Caminho para o depurador não VS (gdb ou lldb)",
	"makefile-tools.configuration.makefile.launchConfigurations.stopAtEntry.description": "Interromper no ponto de entrada do destino",
	"makefile-tools.configuration.makefile.launchConfigurations.symbolSearchPath.description": "O caminho para os símbolos",
	"makefile-tools.configuration.makefile.loggingLevel.description": "O nível de registros em log para a extensão de ferramentas makefile",
	"makefile-tools.configuration.makefile.makeDirectory.description": "O caminho da pasta a ser passado para o make por meio do comutador -C",
	"makefile-tools.configuration.makefile.makefilePath.description": "O caminho para o makefile do projeto",
	"makefile-tools.configuration.makefile.buildLog.description": "O caminho para o log de build que está pronto para ignorar uma simulação",
	"makefile-tools.configuration.makefile.extensionOutputFolder.description": "O caminho para vários arquivos de saída produzidos pela extensão. O padrão é o local VS Code de armazenamento do workspace.",
	"makefile-tools.configuration.makefile.extensionLog.description": "O caminho para um arquivo de saída que armazena todo o conteúdo do canal de saída makefile. O padrão é o valor da configuração 'makefile.extensionOutputFolder'.",
	"makefile-tools.configuration.makefile.configurationCachePath.description": "O caminho para um arquivo de cache que armazena a saída do último comando make de simulação. Quando não definido, um arquivo chamado 'configurationCache.log' é armazenado no caminho especificado pela configuração 'makefile.extensionOutputFolder'.",
	"makefile-tools.configuration.makefile.dryrunSwitches.description": "Argumentos a serem passados para a invocação do make de simulação",
	"makefile-tools.configuration.makefile.additionalCompilerNames.description": "Nomes de ferramentas do compilador a serem adicionados na lista de extensões conhecidas",
	"makefile-tools.configuration.makefile.excludeCompilerNames.description": "Nomes de ferramentas do compilador a serem excluídas da lista de extensões conhecidas",
	"makefile-tools.configuration.makefile.configureOnOpen.description": "Configurar os diretórios de projeto do Makefile automaticamente quando eles forem abertos",
	"makefile-tools.configuration.makefile.configureOnEdit.description": "Configurar automaticamente os diretórios do projeto Makefile quando os makefiles e/ou as configurações relevantes forem alterados",
	"makefile-tools.configuration.makefile.configureAfterCommand.description": "Configurar automaticamente diretórios de projeto Makefile após operações relevantes, como alterar a configuração de complicação ou o destino do makefile",
	"makefile-tools.configuration.makefile.preConfigureScript.description": "O caminho para o script que precisa ser executado pelo menos uma vez antes da configuração",
	"makefile-tools.configuration.makefile.preConfigureArgs.description": "Argumentos a serem passados ao script de pré-configuração",
	"makefile-tools.configuration.makefile.postConfigureScript.description": "O caminho para o script que precisa ser executado pelo menos uma vez antes da configuração",
	"makefile-tools.configuration.makefile.postConfigureArgs.description": "Argumentos a serem passados ao script pós-configuração",
	"makefile-tools.configuration.makefile.alwaysPreConfigure.description": "Sempre executar o script de pré-configuração antes de configurar",
	"makefile-tools.configuration.makefile.alwaysPostConfigure.description": "Sempre executar o script pós-configuração após a configuração",
	"makefile-tools.configuration.makefile.ignoreDirectoryCommands.description": "Não analise comandos de alteração de diretório, como cd, push, pop.",
	"makefile-tools.configuration.makefile.phonyOnlyTargets.description": "Exibir apenas os destinos falsos",
	"makefile-tools.configuration.makefile.saveBeforeBuildOrConfigure.description": "Salvar os arquivos abertos antes de compilar ou configurar",
	"makefile-tools.configuration.makefile.buildBeforeLaunch.description": "Compilar o destino atual antes da inicialização (depuração/execução)",
	"makefile-tools.configuration.makefile.clearOutputBeforeBuild.description": "Limpar o canal de saída no início de uma compilação",
	"makefile-tools.configuration.makefile.compileCommandsPath.description": "O caminho para o arquivo de banco de dados da compilação",
	"makefile-tools.configuration.makefile.panel.visibility.debug.description": "Habilitar a depuração local (neste host) de imagens criadas por esta extensão",
	"makefile-tools.configuration.makefile.panel.visibility.run.description": "Habilitar a execução local (neste host) de imagens criadas por esta extensão",
	"makefile-tools.configuration.makefile.panel.visibility.description": "Modifique essa configuração para controlar a configuração de visibilidade no painel Estrutura de Tópicos do Projeto Makefile."
}