{
	"makefile-tools.command.makefile.buildTarget.title": "生成文件: 生成当前目标",
	"makefile-tools.command.makefile.buildCleanTarget.title": "生成文件: 生成清理当前目标",
	"makefile-tools.command.makefile.buildAll.title": "生成文件: 生成目标 ALL",
	"makefile-tools.command.makefile.buildCleanAll.title": "生成文件: 生成清理目标 ALL",
	"makefile-tools.command.makefile.launchDebug.title": "生成文件: 调试所选二进制目标",
	"makefile-tools.command.makefile.launchRun.title": "生成文件: 在终端中运行所选的二进制目标",
	"makefile-tools.command.makefile.setBuildConfiguration.title": "生成文件: 设置当前生成配置",
	"makefile-tools.command.makefile.setBuildTarget.title": "生成文件: 设置要由 make 生成的目标",
	"makefile-tools.command.makefile.setLaunchConfiguration.title": "生成文件: 设置生成启动配置",
	"makefile-tools.command.makefile.openMakefilePathSetting.title": "生成文件: 打开生成文件路径设置",
	"makefile-tools.command.makefile.openMakePathSetting.title": "生成文件: 打开“创建路径”设置",
	"makefile-tools.command.makefile.openBuildLogSetting.title": "生成文件: 打开生成日志设置",
	"makefile-tools.command.makefile.openBuildLogFile.title": "生成文件: 打开生成日志文件",
	"makefile-tools.command.makefile.openMakefileFile.title": "生成文件: 打开生成文件",
	"workbench.action.openWorkspaceSettings.title": "首选项: 打开工作区设置",
	"makefile-tools.command.makefile.configure.title": "生成文件: 配置",
	"makefile-tools.command.makefile.cleanConfigure.title": "生成文件: 清理配置",
	"makefile-tools.command.makefile.preConfigure.title": "生成文件: 预配置",
	"makefile-tools.command.makefile.postConfigure.title": "生成文件: 配置后",
	"makefile-tools.command.makefile.resetState.title": "生成文件: 重置生成文件工具扩展工作区状态(用于故障排除)",
	"makefile-tools.configuration.views.makefile.outline.description": "项目大纲",
	"makefile-tools.configuration.makefile.makePath.description": "make 工具的路径",
	"makefile-tools.configuration.makefile.configurations.description": "用户定义的生成文件配置",
	"makefile-tools.configuration.makefile.configurations.name.description": "生成文件配置的名称",
	"makefile-tools.configuration.makefile.configurations.makefilePath.description": "生成文件的文件路径",
	"makefile-tools.configuration.makefile.configurations.makePath.description": "make 命令的文件路径",
	"makefile-tools.configuration.makefile.configurations.makeDirectory.description": "通过 -C 开关传递的文件夹路径",
	"makefile-tools.configuration.makefile.configurations.makeArgs.description": "要传递给 make 命令的参数",
	"makefile-tools.configuration.makefile.configurations.problemMatchers.description": "生成当前目标时要使用的问题匹配器名称",
	"makefile-tools.configuration.makefile.configurations.buildLog.description": "生成日志(而不是试运行输出)的文件路径",
	"makefile-tools.configuration.makefile.defaultLaunchConfiguration.description": "各种全局调试器设置",
	"makefile-tools.configuration.makefile.defaultLaunchConfiguration.MIMode.description": "非 VS 调试器类型: gdb 或 lldb",
	"makefile-tools.configuration.makefile.defaultLaunchConfiguration.miDebuggerPath.description": "非 VS 调试器的路径(gdb 或 lldb)",
	"makefile-tools.configuration.makefile.defaultLaunchConfiguration.stopAtEntry.description": "在目标的入口点处停止",
	"makefile-tools.configuration.makefile.defaultLaunchConfiguration.symbolSearchPath.description": "符号的路径",
	"makefile-tools.configuration.makefile.launchConfigurations.description": "用户定义的启动(调试/运行)配置",
	"makefile-tools.configuration.makefile.launchConfigurations.binaryPath.description": "要运行或调试的二进制文件的完整路径",
	"makefile-tools.configuration.makefile.launchConfigurations.binaryArgs.description": "要传递给程序命令行的参数",
	"makefile-tools.configuration.makefile.launchConfigurations.cwd.description": "设置程序的工作目录",
	"makefile-tools.configuration.makefile.launchConfigurations.MIMode.description": "非 VS 调试器类型: gdb 或 lldb",
	"makefile-tools.configuration.makefile.launchConfigurations.miDebuggerPath.description": "非 VS 调试器的路径(gdb 或 lldb)",
	"makefile-tools.configuration.makefile.launchConfigurations.stopAtEntry.description": "在目标的入口点处停止",
	"makefile-tools.configuration.makefile.launchConfigurations.symbolSearchPath.description": "符号的路径",
	"makefile-tools.configuration.makefile.loggingLevel.description": "生成文件工具扩展的日志记录级别",
	"makefile-tools.configuration.makefile.makeDirectory.description": "要通过开关 -C 传递的文件夹路径",
	"makefile-tools.configuration.makefile.makefilePath.description": "项目的生成文件的路径",
	"makefile-tools.configuration.makefile.buildLog.description": "为绕过试运行而读取的生成日志的路径",
	"makefile-tools.configuration.makefile.extensionOutputFolder.description": "扩展生成的各种输出文件的路径。默认为 VS Code 工作区存储位置。",
	"makefile-tools.configuration.makefile.extensionLog.description": "存储生成文件输出通道中所有内容的输出文件的路径。默认为“makefile.extensionOutputFolder”设置的值。",
	"makefile-tools.configuration.makefile.configurationCachePath.description": "存储最后一个试运行生成命令输出的缓存文件的路径。取消设置时，名为“configurationCache.log”的文件存储在“makefile.extensionOutputFolder”设置指定的路径中。",
	"makefile-tools.configuration.makefile.dryrunSwitches.description": "要传递给试运行 make 调用的参数",
	"makefile-tools.configuration.makefile.additionalCompilerNames.description": "要添加到扩展已知列表的编译器工具的名称",
	"makefile-tools.configuration.makefile.excludeCompilerNames.description": "要从扩展已知列表中排除的编译器工具的名称",
	"makefile-tools.configuration.makefile.configureOnOpen.description": "打开生成文件项目目录时自动配置它们",
	"makefile-tools.configuration.makefile.configureOnEdit.description": "更改任何相关生成文件和/或设置时自动配置生成文件项目目录",
	"makefile-tools.configuration.makefile.configureAfterCommand.description": "在执行相关操作(例如更改生成配置或生成文件目标)后自动配置生成文件项目目录",
	"makefile-tools.configuration.makefile.preConfigureScript.description": "需要在配置之前至少运行一次的脚本的路径",
	"makefile-tools.configuration.makefile.preConfigureArgs.description": "要传递给预配置脚本的参数",
	"makefile-tools.configuration.makefile.postConfigureScript.description": "需要在配置之后至少运行一次的脚本的路径",
	"makefile-tools.configuration.makefile.postConfigureArgs.description": "要传递给配置后脚本的参数",
	"makefile-tools.configuration.makefile.alwaysPreConfigure.description": "始终在配置前运行预配置脚本",
	"makefile-tools.configuration.makefile.alwaysPostConfigure.description": "配置后始终运行配置后脚本",
	"makefile-tools.configuration.makefile.ignoreDirectoryCommands.description": "不要分析目录更改命令，如 cd、push、pop。",
	"makefile-tools.configuration.makefile.phonyOnlyTargets.description": "仅显示虚假目标",
	"makefile-tools.configuration.makefile.saveBeforeBuildOrConfigure.description": "在生成或配置之前保存打开的文件",
	"makefile-tools.configuration.makefile.buildBeforeLaunch.description": "在启动之前生成当前目标(调试/运行)",
	"makefile-tools.configuration.makefile.clearOutputBeforeBuild.description": "在生成开始时清除输出通道",
	"makefile-tools.configuration.makefile.compileCommandsPath.description": "编译数据库文件的路径",
	"makefile-tools.configuration.makefile.panel.visibility.debug.description": "启用此扩展生成的本地(在此主机中)映像的调试",
	"makefile-tools.configuration.makefile.panel.visibility.run.description": "启用此扩展生成的本地(在此主机中)运行映像",
	"makefile-tools.configuration.makefile.panel.visibility.description": "修改此设置即可控制“生成文件项目概要”面板中的可见性设置。"
}