{
	"makefile-tools.command.makefile.buildTarget.title": "메이크파일: 현재 대상 빌드",
	"makefile-tools.command.makefile.buildCleanTarget.title": "메이크파일: 현재 대상 빌드 정리",
	"makefile-tools.command.makefile.buildAll.title": "메이크파일: 대상 모두 빌드",
	"makefile-tools.command.makefile.buildCleanAll.title": "메이크파일: 대상 모두 빌드 정리",
	"makefile-tools.command.makefile.launchDebug.title": "메이크파일: 선택한 이진 대상 디버그",
	"makefile-tools.command.makefile.launchRun.title": "메이크파일: 터미널에서 선택한 이진 대상 실행",
	"makefile-tools.command.makefile.setBuildConfiguration.title": "메이크파일: 현재 빌드 구성 설정",
	"makefile-tools.command.makefile.setBuildTarget.title": "메이크파일: make로 빌드할 대상 설정",
	"makefile-tools.command.makefile.setLaunchConfiguration.title": "메이크파일: make 시작 구성 설정",
	"makefile-tools.command.makefile.openMakefilePathSetting.title": "메이크파일: 메이크파일 경로 설정 열기",
	"makefile-tools.command.makefile.openMakePathSetting.title": "메이크파일: 경로 만들기 설정 열기",
	"makefile-tools.command.makefile.openBuildLogSetting.title": "메이크파일: 빌드 로그 설정 열기",
	"makefile-tools.command.makefile.openBuildLogFile.title": "메이크파일: 빌드 로그 파일 열기",
	"makefile-tools.command.makefile.openMakefileFile.title": "메이크파일: 메이크파일 파일 열기",
	"workbench.action.openWorkspaceSettings.title": "기본 설정: 작업 영역 설정 열기",
	"makefile-tools.command.makefile.configure.title": "메이크파일: 구성",
	"makefile-tools.command.makefile.cleanConfigure.title": "메이크파일: 구성 정리",
	"makefile-tools.command.makefile.preConfigure.title": "메이크파일: 미리 구성",
	"makefile-tools.command.makefile.postConfigure.title": "메이크파일: 구성 후",
	"makefile-tools.command.makefile.resetState.title": "메이크파일: 메이크파일 도구 확장 작업 영역 상태 다시 설정(문제 해결용)",
	"makefile-tools.configuration.views.makefile.outline.description": "프로젝트 개요",
	"makefile-tools.configuration.makefile.makePath.description": "make 도구의 경로",
	"makefile-tools.configuration.makefile.configurations.description": "사용자가 정의한 메이크파일 구성",
	"makefile-tools.configuration.makefile.configurations.name.description": "메이크파일 구성의 이름",
	"makefile-tools.configuration.makefile.configurations.makefilePath.description": "메이크파일의 파일 경로",
	"makefile-tools.configuration.makefile.configurations.makePath.description": "make 명령의 파일 경로",
	"makefile-tools.configuration.makefile.configurations.makeDirectory.description": "-C 스위치를 통해 make에 전달된 폴더 경로",
	"makefile-tools.configuration.makefile.configurations.makeArgs.description": "make 명령에 전달할 인수",
	"makefile-tools.configuration.makefile.configurations.problemMatchers.description": "현재 대상을 빌드할 때 사용할 문제 선택기 이름",
	"makefile-tools.configuration.makefile.configurations.buildLog.description": "시험 실행 출력 대신 사용되는 빌드 로그의 파일 경로",
	"makefile-tools.configuration.makefile.defaultLaunchConfiguration.description": "다양한 전역 디버거 설정",
	"makefile-tools.configuration.makefile.defaultLaunchConfiguration.MIMode.description": "VS 디버거가 아닌 형식(gdb 또는 lldb)",
	"makefile-tools.configuration.makefile.defaultLaunchConfiguration.miDebuggerPath.description": "VS 디버거가 아닌 디버거의 경로(gdb 또는 lldb)",
	"makefile-tools.configuration.makefile.defaultLaunchConfiguration.stopAtEntry.description": "대상의 진입점에서 중지",
	"makefile-tools.configuration.makefile.defaultLaunchConfiguration.symbolSearchPath.description": "기호의 경로",
	"makefile-tools.configuration.makefile.launchConfigurations.description": "사용자 정의 시작(디버그/실행) 구성",
	"makefile-tools.configuration.makefile.launchConfigurations.binaryPath.description": "실행하거나 디버그할 이진의 전체 경로",
	"makefile-tools.configuration.makefile.launchConfigurations.binaryArgs.description": "프로그램 명령줄에 전달할 인수",
	"makefile-tools.configuration.makefile.launchConfigurations.cwd.description": "프로그램의 작업 디렉터리 설정",
	"makefile-tools.configuration.makefile.launchConfigurations.MIMode.description": "VS 디버거가 아닌 형식(gdb 또는 lldb)",
	"makefile-tools.configuration.makefile.launchConfigurations.miDebuggerPath.description": "VS 디버거가 아닌 디버거의 경로(gdb 또는 lldb)",
	"makefile-tools.configuration.makefile.launchConfigurations.stopAtEntry.description": "대상의 진입점에서 중지",
	"makefile-tools.configuration.makefile.launchConfigurations.symbolSearchPath.description": "기호의 경로",
	"makefile-tools.configuration.makefile.loggingLevel.description": "메이크파일 도구 확장의 로깅 수준",
	"makefile-tools.configuration.makefile.makeDirectory.description": "스위치를 통해 make에 전달할 폴더 경로 -C",
	"makefile-tools.configuration.makefile.makefilePath.description": "프로젝트의 메이크파일 경로",
	"makefile-tools.configuration.makefile.buildLog.description": "시험 실행을 바이패스하기 위해 읽은 빌드 로그의 경로",
	"makefile-tools.configuration.makefile.extensionOutputFolder.description": "확장에서 생성된 다양한 출력 파일의 경로입니다. 기본값은 VS Code 작업 영역 저장소 위치입니다.",
	"makefile-tools.configuration.makefile.extensionLog.description": "메이크파일 출력 채널의 모든 콘텐츠를 저장하는 출력 파일의 경로입니다. 기본값은 'makefile.extensionOutputFolder' 설정의 값입니다.",
	"makefile-tools.configuration.makefile.configurationCachePath.description": "마지막 시험 실행 make 명령의 출력을 저장하는 캐시 파일의 경로입니다. 설정을 해제하면 이름이 'configurationCache.log'인 파일이 'makefile.extensionOutputFolder' 설정에서 지정한 경로에 저장됩니다.",
	"makefile-tools.configuration.makefile.dryrunSwitches.description": "시험 실행 make 호출에 전달할 인수",
	"makefile-tools.configuration.makefile.additionalCompilerNames.description": "알려진 확장 목록에서 추가할 컴파일러 도구의 이름",
	"makefile-tools.configuration.makefile.excludeCompilerNames.description": "알려진 확장 목록에서 제외할 컴파일러 도구의 이름",
	"makefile-tools.configuration.makefile.configureOnOpen.description": "메이크파일 프로젝트 디렉터리가 열릴 때 자동으로 구성",
	"makefile-tools.configuration.makefile.configureOnEdit.description": "관련 메이크파일 및/또는 설정이 변경되면 메이크파일 프로젝트 디렉터리를 자동으로 구성",
	"makefile-tools.configuration.makefile.configureAfterCommand.description": "빌드 구성 변경 또는 메이크파일 대상과 같은 관련 작업 후에 메이크파일 프로젝트 디렉터리를 자동으로 구성",
	"makefile-tools.configuration.makefile.preConfigureScript.description": "구성하기 전에 한 번 이상 실행해야 하는 스크립트의 경로",
	"makefile-tools.configuration.makefile.preConfigureArgs.description": "사전 구성 스크립트에 전달할 인수",
	"makefile-tools.configuration.makefile.postConfigureScript.description": "구성한 후에 한 번 이상 실행해야 하는 스크립트의 경로",
	"makefile-tools.configuration.makefile.postConfigureArgs.description": "사후 구성 스크립트에 전달할 인수",
	"makefile-tools.configuration.makefile.alwaysPreConfigure.description": "구성하기 전에 항상 사전 구성 스크립트 실행",
	"makefile-tools.configuration.makefile.alwaysPostConfigure.description": "구성 후 항상 사후 구성 스크립트 실행",
	"makefile-tools.configuration.makefile.ignoreDirectoryCommands.description": "cd, push, pop 등의 디렉터리 변경 명령을 분석하지 않습니다.",
	"makefile-tools.configuration.makefile.phonyOnlyTargets.description": "가짜 대상만 표시",
	"makefile-tools.configuration.makefile.saveBeforeBuildOrConfigure.description": "빌드 또는 구성하기 전에 열려 있는 파일 저장",
	"makefile-tools.configuration.makefile.buildBeforeLaunch.description": "시작하기 전에 현재 대상 빌드(디버그/실행)",
	"makefile-tools.configuration.makefile.clearOutputBeforeBuild.description": "빌드 시작 시 출력 채널 지우기",
	"makefile-tools.configuration.makefile.compileCommandsPath.description": "컴파일 데이터베이스 파일의 경로",
	"makefile-tools.configuration.makefile.panel.visibility.debug.description": "이 확장으로 빌드된 이미지를 (이 호스트에서) 로컬로 디버깅 활성화",
	"makefile-tools.configuration.makefile.panel.visibility.run.description": "이 확장으로 빌드된 이미지를 (이 호스트에서) 로컬로 실행 활성화",
	"makefile-tools.configuration.makefile.panel.visibility.description": "메이크파일 프로젝트 개요 패널에서 표시 여부 설정을 제어하도록 이 설정을 수정합니다."
}